name,Descripción,Área,Web,Última Actualización,Fuente de datos,gx_media_links,geometry
Jorge el ángel del Vallenato,"""Agrupación musical con 13 años de trayectoria, conformada por músicos jóvenes (entre los 15 y 25 años) pertenecientes a la comuna 3: Manrique.""",Músicas,https://www.facebook.com/jorgeelangeldelvallenato/,9/1/2014,Formulario para el Mapeo de Actores Culturales. Casas de la Cultura de Medellín. Disponible en: http://goo.gl/forms/RhyqT8w9Vz,https://lh5.googleusercontent.com/-tyl9csjPdto/VCmORp84IKI/AAAAAAAADfE/JYQF74YH9m8/w480-h280-no/javallenato.jpg,"<Point><coordinates>-75.544861,6.279762,0.0</coordinates></Point>"
El Posilgo Hip Hop,"Producción musical de MC's y grupos de Hip Hop. Dj Sao, Dj Pelos, y Mopet MC. (produce 10 grupos actualmente). Proyectos internacionales",Músicas,https://www.facebook.com/UnTalMc/about,9/1/2014,Red Artística y Cultural Comuna 5.,https://fbcdn-profile-a.akamaihd.net/hprofile-ak-xpf1/v/t1.0-1/p160x160/10615424_10204133434112528_8302599229007206023_n.jpg?oh=161f56b3ac826ac30d9538b1b0cfb985&amp;oe=54F71050&amp;__gda__=1422555688_10a732ccc56ed381bbd69141f6adb4b1,"<Point><coordinates>-75.570483,6.291493,0.0</coordinates></Point>"
Corporación Artística y Cultural Lahum Kan y Tzolkin,"La Corporación cuenta con su grupo musical LAHUM KAN Y TZOLKIN conformado desde 2007 realizando diversos conciertos con su obra inédita en la comuna, la ciudad y algunos municipios del departamento de Antioquia.",Músicas,https://www.facebook.com/SEMILLAYHUMANIDAD,9/1/2014,Formulario para el Mapeo de Actores Culturales. Casas de la Cultura de Medellín. Disponible en: http://goo.gl/forms/RhyqT8w9Vz,https://fbcdn-profile-a.akamaihd.net/hprofile-ak-xaf1/v/t1.0-1/c39.24.294.294/s160x160/423828_403801592967972_443840862_n.jpg?oh=b4e3f727c36427a0dc49d136f3f25bce&amp;oe=54C63134&amp;__gda__=1422215847_56bd7d82ebd9e87ae7aeb1a8add95dc2,"<Point><coordinates>-75.566261,6.290707,0.0</coordinates></Point>"
Gua-Ska,"Banda que hace fusión de estilos mÃºsicales como Rock, punk y Ska",Músicas,http://www.facebook.com/guaskapunk,9/1/2014,Formulario para el Mapeo de Actores Culturales. Casas de la Cultura de Medellín. Disponible en: http://goo.gl/forms/RhyqT8w9Vz,https://fbcdn-profile-a.akamaihd.net/hprofile-ak-xfa1/v/t1.0-1/c27.0.160.160/p160x160/1378711_526198047455568_706249230_n.jpg?oh=066650c96cf789b8d6e479bcc31959de&amp;oe=54CD200C&amp;__gda__=1421661389_c173752145af92d1ca1b01c99d81cedc,"<Point><coordinates>-75.575198,6.301148,0.0</coordinates></Point>"
La Sinfóniska,"""La Sinfoniska es una banda de SKA –PUNK colombiana originaria de la ciudad de Medellín. Fundada en 2010 por Jonathan Durango, Carlos Gonzales y Sebastián Ruiz. Sus principales influencias son norteamericanas de la 3ra ola del SKA tales como: Reel big fish, Less than Jake, Streetlight Manifesto, Catch 22 y Mad caddies.""",Músicas,https://www.facebook.com/la.sinfoniska?fref=ts,9/1/2014,Formulario para el Mapeo de Actores Culturales. Casas de la Cultura de Medellín. Disponible en: http://goo.gl/forms/RhyqT8w9Vz,https://fbcdn-sphotos-c-a.akamaihd.net/hphotos-ak-xpa1/v/t1.0-9/p118x90/10345530_10204304885758207_1696101474442166293_n.jpg?oh=5a6d8ceb31854584a42dc9708561fdf4&amp;oe=54ACE317&amp;__gda__=1421893842_41647172b2bff3dccacf17e83eeb60da,"<Point><coordinates>-75.560515,6.274963,0.0</coordinates></Point>"
Amor e Morte,Proyecto educativo y cultural que integra un componente musical (ensamble acústico) y un componente poético en su propuesta.,Músicas,https://www.facebook.com/AMOREMORTEMEDELLIN/,9/1/2014,Formulario para el Mapeo de Actores Culturales. Casas de la Cultura de Medellín. Disponible en: http://goo.gl/forms/RhyqT8w9Vz,https://fbcdn-profile-a.akamaihd.net/hprofile-ak-xfa1/v/t1.0-1/c31.31.383.383/s160x160/382216_521733064532847_607802888_n.jpg?oh=94baa0affd5b4741bbc41595f98a64a6&amp;oe=54BA8399&amp;__gda__=1420952920_b7b9cf03d38c2e06c942f5e3b3b29c69,"<Point><coordinates>-75.550379,6.279506,0.0</coordinates></Point>"
Forgiven,"""Banda de rock que nace en Medellin en el año 2005, su discurso está basado en defender los valores, la moral, la ética, las creencias y la fé mediante historias o vivencias cotidianas del joven dejando en quien escucha una reflexión.""",Músicas,www.soyforgiven.com,9/1/2014,Formulario para el Mapeo de Actores Culturales. Casas de la Cultura de Medellín. Disponible en: http://goo.gl/forms/RhyqT8w9Vz,https://fbcdn-profile-a.akamaihd.net/hprofile-ak-xap1/v/t1.0-1/c0.23.160.160/p160x160/10409419_1532288283660142_4813691006745974008_n.jpg?oh=303e650dd35d0604bcd0af4278572bc4&amp;oe=54BBC2E2&amp;__gda__=1422149980_e4fcdf1ec28f4b03abbca85df392d28d,"<Point><coordinates>-75.581764,6.283424,0.0</coordinates></Point>"
Los Ingenieros,"Grupo de música urbana: mezcla de reggaeton, rap, dance hall, mode up con influencias del pacífico, un show para el público en general. Ver más: http://goo.gl/o4ACk3",Músicas,https://www.facebook.com/LosIngenierosmedellin/,9/1/2014,Formulario para el Mapeo de Actores Culturales. Casas de la Cultura de Medellín. Disponible en: http://goo.gl/forms/RhyqT8w9Vz,https://fbcdn-profile-a.akamaihd.net/hprofile-ak-xap1/v/t1.0-1/p160x160/1544551_564987026938818_2169997407265813922_n.jpg?oh=76e3f81c5c1b59222fbb27eda70b5b90&oe=551A61E4&__gda__=1428187941_3332d66ed7014ef382806b81052c4589,"<Point><coordinates>-75.528544,6.22912,0.0</coordinates></Point>"
Rap Del Vientre (RDV),"""Grupo conformado hace 4 años, nos dedicamos a hacer música RAP para todas las edades llevando un mensaje de bien, experiencias , desahogos y vivencias cotidianas..."" Ver más: http://goo.gl/JzXVob",Músicas,https://www.facebook.com/RapDelVientreRDV?fref=ts,9/1/2014,Formulario para el Mapeo de Actores Culturales. Casas de la Cultura de Medellín. Disponible en: http://goo.gl/forms/RhyqT8w9Vz,http://www.hhdirecto.net/multimedia/get-image-gallery/id/21388/width/400/height/400,"<Point><coordinates>-75.551788,6.231838,0.0</coordinates></Point>"
Athemesis,"Athemesis se dedica a brindar presentaciones musicales en la ciudad y sus alrededores, y también apoya a bandas que apenas están comenzando para que puedan salir a la luz mas rápidamente.",Músicas,https://www.facebook.com/ATHEMESIS,9/1/2014,Formulario para el Mapeo de Actores Culturales. Casas de la Cultura de Medellín. Disponible en: http://goo.gl/forms/RhyqT8w9Vz,https://yt3.ggpht.com/-RUTuO63XGTs/AAAAAAAAAAI/AAAAAAAAAAA/KCssByDYA_g/s100-c-k-no/photo.jpg,"<Point><coordinates>-75.575301,6.304012,0.0</coordinates></Point>"
Intérprete Deskonocido,"Grupo de punk hardcore libertario, que lleva 10 años en escena, y ha tocado en varios conciertos en la ciudad de medellín, autogestionados y de gran auge como el Rock comuna seis, y en algunas ciudades del país.",Músicas,https://www.facebook.com/interpretedeskonocido,9/1/2014,Formulario para el Mapeo de Actores Culturales. Casas de la Cultura de Medellín. Disponible en: http://goo.gl/forms/RhyqT8w9Vz,https://scontent-a-mia.xx.fbcdn.net/hphotos-xap1/v/t1.0-9/s160x160/10613113_802100516488593_4665154068527055016_n.jpg?oh=23b5fbf6b8f6c31692f23acc734ab554&amp;oe=54AB13EA,"<Point><coordinates>-75.570816,6.290381,0.0</coordinates></Point>"
Grupo TocaTimbres,"""Tocatimbres es el nombre de una resistencia creativa que reconoce que es la creatividad y la imaginación el mayor aporte a una reestructuración social y que somos sus artistas, los llamados oráculos para los devenires del tiempo, los visionarios del futuro y los arqueólogos de sensaciones. Formato de cuatro integrantes, guitarras, percusión, voces y flautas; genero rock fusión con música de la costa caribeña colombiana. Cantautores de su repertorio.""",Músicas,https://www.facebook.com/grupo.tocatimbres,9/1/2014,Formulario para el Mapeo de Actores Culturales. Casas de la Cultura de Medellín. Disponible en: http://goo.gl/forms/RhyqT8w9Vz,http://1.bp.blogspot.com/-sOYUULSSK6M/T0_CGBpxc6I/AAAAAAAAAK0/xAuiZExluV4/s1600/LOGO++TT.jpg,"<Point><coordinates>-75.572634,6.287572,0.0</coordinates></Point>"
Zona 2 HIP HOP,"Colectivo artístico que desde la comuna 6-Doce de Octubre, se extiende a las comunas 5-Castilla y 7 Robledo, para albergar jóvenes que a través de la danza, el canto , el tornamesismo y la pintura, crean personas antes que artistas. Una apuesta que le abona intencionalmente a la riqueza cultural y social a ese territorio para vivir dignamente.",Músicas,https://www.facebook.com/zona2hiphoplasemblanza,9/1/2014,Formulario para el Mapeo de Actores Culturales. Casas de la Cultura de Medellín. Disponible en: http://goo.gl/forms/RhyqT8w9Vz,https://fbcdn-profile-a.akamaihd.net/hprofile-ak-xpa1/v/t1.0-1/c0.0.160.160/p160x160/11290_936952049664888_3392238924006130852_n.jpg?oh=930ec44cdf007c31e4588225add8cea1&amp;oe=54CB3BFC&amp;__gda__=1421834261_95eeb3d349a7c3f709b7b67cefaf114f,"<Point><coordinates>-75.582585,6.302692,0.0</coordinates></Point>"
La Marula Trío,"""La marula Trío es una propuesta musical que pretende integrar diversas músicas y estilos en un formato pequeño: Tuba, Clarinete y Percusión. Interpretando músicas Colombianas como: música andina o del interior, música del pacífico, música del atlántico, música de los llanos orientales y música internacional."" Ver más: http://goo.gl/QXBFCG",Músicas,,9/1/2014,Formulario para el Mapeo de Actores Culturales. Casas de la Cultura de Medellín. Disponible en: http://goo.gl/forms/RhyqT8w9Vz,,"<Point><coordinates>-75.613382,6.242236,0.0</coordinates></Point>"
Peyote,"""Música y teatro para la vida, para crear y dar paz al planeta, a la ciudad, a ti. Desde Medellín un proyecto de vida y lleno de vida."" Ver más: http://goo.gl/kpDHk0",Músicas,https://www.facebook.com/peyotemusica,9/1/2014,Formulario para el Mapeo de Actores Culturales. Casas de la Cultura de Medellín. Disponible en: http://goo.gl/forms/RhyqT8w9Vz,https://fbcdn-profile-a.akamaihd.net/hprofile-ak-xaf1/v/t1.0-1/p160x160/10561783_738376959555252_5196141260282311873_n.jpg?oh=729fffe7e7e64879c5c0f45a34d26567&oe=54E0A25F&__gda__=1420503779_48b6cdd3ea760e5d5feb30810a1ba882,"<Point><coordinates>-75.597316,6.261794,0.0</coordinates></Point>"
Kamy Botero,"""Cantante reconocida en el medio por su capacidad vocal, ganadora de varios festivales como el second English music festival (2011) y el festival de la canción comuna 12 - 2013."" Ver más: http://goo.gl/H8QxyG",Músicas,http://goo.gl/ATXsJp,9/1/2014,Formulario para el Mapeo de Actores Culturales. Casas de la Cultura de Medellín. Disponible en: http://goo.gl/forms/RhyqT8w9Vz,http://photos-c.ak.fbcdn.net/hphotos-ak-ash3/t1.0-0/q71/c0.0.960.562/s480x480/1239714_293362084146382_275127731_n.jpg,"<Point><coordinates>-75.599907,6.263302,0.0</coordinates></Point>"
Pulpomán,Pulpomán es un monstruo marino que narra sus aventuras y las intercala con sus propias canciones. Ver más: http://goo.gl/G2pouj,Músicas,https://www.facebook.com/pulpomancito,9/1/2014,Formulario para el Mapeo de Actores Culturales. Casas de la Cultura de Medellín. Disponible en: http://goo.gl/forms/RhyqT8w9Vz,http://corporaciontecoc.org/site/sites/default/files/field/image/Pulpom%C3%A1n.png,"<Point><coordinates>-75.605807,6.262916,0.0</coordinates></Point>"
Grupo Nostalgys,"""El de los grandes artistas de música romántica de los 60,70,80,90s todo en vivo no pistas, no secuencias"" Ver más: http://goo.gl/B1OOPR",Músicas,https://www.facebook.com/GRUPNOSTALGYS,9/1/2014,Formulario para el Mapeo de Actores Culturales. Casas de la Cultura de Medellín. Disponible en: http://goo.gl/forms/RhyqT8w9Vz,http://i.ytimg.com/vi/_2qPdCmWNkc/mqdefault.jpg,"<Point><coordinates>-75.611548,6.249633,0.0</coordinates></Point>"
Soystaccato - Pedro Pablo Arias,"Vocalista, compositor y baterista de alto reconocimiento en la ciudad de Medellín.  Ver más: http://goo.gl/yhxLhT",Músicas,http://www.pedropabloarias.com/,9/1/2014,Formulario para el Mapeo de Actores Culturales. Casas de la Cultura de Medellín. Disponible en: http://goo.gl/forms/RhyqT8w9Vz,https://fbcdn-profile-a.akamaihd.net/hprofile-ak-xfa1/t1.0-1/c0.0.80.80/p80x80/10177948_1403275756620491_5173292612233807796_n.png,"<Point><coordinates>-75.603157,6.257722,0.0</coordinates></Point>"
Del Llano a la Loma,"""Agrupación coreomusical con una trayectoria de más de 20 años de proyectar y rendir homenaje a la música y a la danza del folclor llanero, sus integrantes son músicos y bailarines egresados de la Escuela Popular de Arte y de diferentes entidades que trabajan por el fortalecimiento del arte en Colombia."" Ver más: http://goo.gl/L5m8LX",Músicas,,9/1/2014,Formulario para el Mapeo de Actores Culturales. Casas de la Cultura de Medellín. Disponible en: http://goo.gl/forms/RhyqT8w9Vz,https://lh4.googleusercontent.com/-LBWQRSqX85Y/VFzqpU5gjPI/AAAAAAAADrI/1P9wObq45kA/w345-h151-no/llanoalaloma-logo.jpg,"<Point><coordinates>-75.598748,6.262329,0.0</coordinates></Point>"
Black Fairy,"""Black Fairy es una banda de Hard Rock conformada en el 2011 por cuatro músicos de Medellín que buscan hacer de su arte una revolución musical, llevando al mundo lo que piensan y sienten a través del Rock and Roll.""",Músicas,https://www.facebook.com/blackfairyband,9/1/2014,Formulario para el Mapeo de Actores Culturales. Casas de la Cultura de Medellín. Disponible en: http://goo.gl/forms/RhyqT8w9Vz,https://fbcdn-profile-a.akamaihd.net/hprofile-ak-xap1/v/t1.0-1/p160x160/10501755_670396316369901_7529979052032052473_n.jpg?oh=973f73aa8eada96ffd36a424ff70b4ab&amp;oe=54AFC9F3&amp;__gda__=1422242806_9161b28f93cac8829ab1c811d24b0970,"<Point><coordinates>-75.603236,6.243196,0.0</coordinates></Point>"
Edo B y su banda,"Propuesta musical genero Rock-pop con fusiones originalidad en lÃricas y mÃºsica, una puesta en escena interesante y contenido constructivo. Formato solista con banda.",Músicas,https://www.facebook.com/Edobmusic,9/1/2014,Formulario para el Mapeo de Actores Culturales. Casas de la Cultura de Medellín. Disponible en: http://goo.gl/forms/RhyqT8w9Vz,https://lh4.googleusercontent.com/-gVtnPo7QIig/VAkcDzd4LNI/AAAAAAAABf8/EplXpofpnms/w489-h331-no/1017178_551521134909314_1841599732_n.jpg,"<Point><coordinates>-75.571985,6.309991,0.0</coordinates></Point>"
Katalexia,"La banda este año cumple 8 años en el movimiento musical de la ciudad, haciendo parte de esta red y estado en festivales como el Rock Comuna 6, toke de salida entre otros. compartiendo tarima con artistas de varios tipos y mostrando su punto de vista frente a diferentes temas, creciendo y mostrando su estilo musical.",Músicas,https://www.facebook.com/katalexiaoficial,9/1/2014,Formulario para el Mapeo de Actores Culturales. Casas de la Cultura de Medellín. Disponible en: http://goo.gl/forms/RhyqT8w9Vz,http://i.ytimg.com/vi/P7ko0H00dk0/hqdefault.jpg,"<Point><coordinates>-75.574453,6.299542,0.0</coordinates></Point>"
Grupo Musical Pasajeros,"Nace en el año 1991 como un proyecto de creación musical a partir de las vivencias cotidianas del acontecer político y cultural del país, en especial de la situación urbana en medio del conflicto, como un aporte a la defensa de los Derechos Humanos y a la memoria histórica del país. Promueven el concepto de la Canción Propuesta, enmarcada dentro del género de la Canción Social, que se encuentra plasmada en cinco trabajos discográficos y con la cual han recorrido varias ciudades del país y de países europeos.""",Músicas,http://grupomusicalpasajeros.org,9/1/2014,Formulario para el Mapeo de Actores Culturales. Casas de la Cultura de Medellín. Disponible en: http://goo.gl/forms/RhyqT8w9Vz,https://lh4.googleusercontent.com/-XqvVnC3MQyY/VAk2OkvmWkI/AAAAAAAABk8/ccIb76dU9SE/w384-h255-no/pasajeros.jpg,"<Point><coordinates>-75.607874,6.231775,0.0</coordinates></Point>"
Radio Neblina,"Emisora virtual comunitaria del corregimiento de Santa Elena, generadora de contenidos radiofónicos locales para divulgar. Dichos contenidos, podcasts, promos, cabezotes de identificación, jingles, tutoriales, entrevistas, reportajes y paisajes sonoros, se enfocan en generar entretenimiento y territorialización haciendo uso de todo el potencial artístico, ambiental, turístico, político y cultural del corregimiento. También asesoramos y producimos vía internet a nivel global.",Músicas,http://radioneblina.blogspot.com/,9/1/2014,Formulario para el Mapeo de Actores Culturales. Casas de la Cultura de Medellín. Disponible en: http://goo.gl/forms/RhyqT8w9Vz,https://lh3.googleusercontent.com/-2HD9tC46Vm0/VAk3vLSbYOI/AAAAAAAABlM/RTTifGtrNvo/w480-h168-no/radioneblina.jpg,"<Point><coordinates>-75.516771,6.207024,0.0</coordinates></Point>"
Banda Plena,"""Banda Plena es la agrupación del merengue y la bachata de la ciudad, que alegra la fiesta con los dos géneros más bailables de la música tropical, conformada por 13 integrantes y una serie de canciones inéditas que han sido la sensación de todas las fiestas.""",Músicas,www.bandaplena.com,10/1/2014,Formulario para el Mapeo de Actores Culturales. Casas de la Cultura de Medellín. Disponible en: http://goo.gl/forms/RhyqT8w9Vz,http://www.bandaplena.com/wp-content/uploads/2014/02/BANDA-PLENA-logo.jpg,"<Point><coordinates>-75.625108,6.250918,0.0</coordinates></Point>"
Grupo musical dulce Armonía internacional,"""Grupo musical conformado hace aprox. 20 años para la interpretación de música colombiana, polular, lírica, boleros, baladas y música instrumental de cámara y amenización de eventos religiosos, matrimonios, recepciones, grados, cumpleaños y eventos empresariales.""",Músicas,http://www.myspace.com/dulcearmoniainternac,9/1/2014,Formulario para el Mapeo de Actores Culturales. Casas de la Cultura de Medellín. Disponible en: http://goo.gl/forms/RhyqT8w9Vz,https://a3-images.myspacecdn.com/images03/1/18358de7343247fbbf7b826dcc7145f2/300x300.jpg,"<Point><coordinates>-75.567222,6.231667,0.0</coordinates></Point>"
Grupo Musical Matices,"""Conjunto musical de jóvenes artistas de la ciudad que interpretan diferentes géneros (fusión), han sido reconocidos en el género del Bolero. Ver más: http://goo.gl/6qU4Jn""",Músicas,http://www.grupomatices.com.co/,9/1/2014,Formulario para el Mapeo de Actores Culturales. Casas de la Cultura de Medellín. Disponible en: http://goo.gl/forms/RhyqT8w9Vz,http://www.grupomatices.com.co/templates/vt_music/css/styles/vt_logo_style1.png,"<Point><coordinates>-75.602919,6.251611,0.0</coordinates></Point>"
Xendra,"""Xendra
 Agrupación de Rock de Medellín fundada en el año 2001""",Músicas,,12/1/2014,Formulario para el Mapeo de Actores Culturales. Casas de la Cultura de Medellín. Disponible en:http://goo.gl/PF5biy,,"<Point><coordinates>-75.6002823,6.2643401,0.0</coordinates></Point>"
Magdalena Solo Project,"""Pensamientos de una mente rota""",Músicas,www.soundcloud.com/magdalena,12/1/2014,Formulario para el Mapeo de Actores Culturales. Casas de la Cultura de Medellín. Disponible en:http://goo.gl/PF5biy,,"<Point><coordinates>-75.57618059,6.2581167,0.0</coordinates></Point>"
Grupo Suramérica,"""Desde su nacimiento el Grupo Suramérica ha considerado la música
 como una actividad formadora, lúdica y propositiva, a través de la cual
 los seres humanos pueden expresar sus más profundos deseos y
 contradicciones. El oficio de la Agrupación es entonces cantarle a la
 vida y propiciar espacios para la convivencia pacífica.
 Como institución cultural Suramérica brinda la posibilidad de un
 intercambio fraterno en los espacios de ensayos y conciertos,
 frecuentados por niños, jóvenes y adultos, generando actitudes
 favorables frente al valor de la vida.
 Como grupo musical, Suramérica está conformado por 9 integrantes,
 que además de ser cómplices en la música, desarrollan
 profesionalmente otras actividades, lo que les permite constituirse
 como grupo en proyecto de vida, donde la tolerancia y la solidaridad
 iluminan la vida cotidiana.
 Finalmente, su canción se levanta como una voz que genera
 inquietudes, alegra la vida y se convierte en esperanza.
 37 años de historia
 Más de 3.000 conciertos en más de 150 poblaciones, 21 producciones
 discográficas y un sueño contado a más de un millón de personas.
 Esta es nuestra historia, una historia que le pertenece a nuestro
 público.""",Músicas,,12/1/2014,Formulario para el Mapeo de Actores Culturales. Casas de la Cultura de Medellín. Disponible en:http://goo.gl/PF5biy,,"<Point><coordinates>-75.57970339,6.2424412,0.0</coordinates></Point>"
Malembe & Son,"""Presentamos un espectáculo musical el cual está conformado por canto, animación y músicos en vivo: saxofón, guitarra, bajo, congas, piano, batería, bombo. Somos 3 Cantantes en escena interpretando canciones de nuestra propia autoría con show y expresión corporal que dan al acto un toque de alegría, la animación es interactuar con el público dando a ellos un gran protagonismo Malembe & Son: ha sido catalogado como uno de los mejores show musical de jóvenes de la ciudad de Medellín.
 
 TRAYECTORIA
 Nace en el momento en que 3 jóvenes con ritmos y propuestas diferentes, muy definidos deciden crear una agrupación y fusionar sus fuertes musicales, dando así inicio a la creación de Malembe & Son. Han venido trabajando en el ambiente musical de forma continua participando en diferentes escenarios en los cuales el grupo ha obtenido triunfos frente a agrupaciones de gran reconocimiento en la ciudad. 
 
 
 Este espectáculo se ha presentado en conciertos y tablados en la ciudad como:
 
 Ø La Matraca - Pablo Tobón Uribe 2014
 Ø Foro Urbano Mundial 2014
 Ø Foro de la Afrocolombianidad 2014 (Hotel Dan Carlton)
 Ø Carnaval de la Comuna 8 2014
 Ø Lanzamiento de la Revista Afrovida 2014
 Ø Sexto aniversario centro de desarrollo cultural de Moravia
 Ø Agenda Cultural 2014
 Ø Ganadores Festival Afro urbano 2014
 Ø Teloneros Más Corazón Profundo Tour Medellín 2014 (Carlos Vives)
 Ø Ganadores del Festival Golondrina de Plata 2014 (Montería)""",Músicas,"Facebook: Malembe & son
twitter: @malembeson
Instagram:malembeson",12/1/2014,Formulario para el Mapeo de Actores Culturales. Casas de la Cultura de Medellín. Disponible en:http://goo.gl/PF5biy,,"<Point><coordinates>-75.5555511,6.234227,0.0</coordinates></Point>"
In Your Headlights,"""In Your Headlights no es una banda con letras profundas, no es un grupo de niños bonitos, no le interesa crear música con sentido social, ni mucho menos transmitir un mensaje de amor, tampoco es una banda de músicos prodigiosos pero hace música de corazón.
 
 In Your Headlights es una banda para pasarla bien, su sonido y estilo te mueven a bailar, llena tu espíritu de fiesta, te lleva a olvidarte de los compromisos y salir de la rutina. In Your Headlights es la banda que quieres encontrar en tu camino llevar en tu reproductor de música y no dejar de escuchar. 
 
 Ha realizado tres grabaciones, en los años 2006 (EP Opaque), 2010 (EP Radiography) y 2014 (EP La Mila), los dos primeros EP fueron grabados en estudio 128 Tracks y Nativo Records, el ultimo EP fue grabados por medios propios en sala de ensayo de IYH pueden ser ecuchados en el band profile de Facebook (https://www.facebook.com/pages/In-Your-Headlights/134410986596207?fref=ts) ó en Soundcloud (https://soundcloud.com/in-your-headlights).""",Músicas,"https://www.facebook.com/pages/In-Your-Headlights/134410986596207?fref=ts

https://soundcloud.com/in-your-headlights",12/1/2014,Formulario para el Mapeo de Actores Culturales. Casas de la Cultura de Medellín. Disponible en:http://goo.gl/PF5biy,,"<Point><coordinates>-75.55550690,6.2339258,0.0</coordinates></Point>"
Blessed 2 Bless,"""Grupo musical de hip hop fusión, compuesto por 10 personas, desde el año 2006.
 Nuestras letras son mensajes de paz, amor, esperanza, inclusión social y valores.""",Músicas,,12/1/2014,Formulario para el Mapeo de Actores Culturales. Casas de la Cultura de Medellín. Disponible en:http://goo.gl/PF5biy,,"<Point><coordinates>-75.56736519,6.1978654,0.0</coordinates></Point>"
NICOLAS BARRERA CATAÑO,"""Músico de gran trayectoria en la ciudad de medellín con experiencia en géneros folcloricos y comerciales ejecutante de instrumentos de cuerdas y cantante prefesional ha sido integrante de grandes agrupaciones folcloricas como NUESTRAMERICA, GRUPO TIERRA BRAVA, GRUPO ILLARY, actualmente con CUARTETO ENTRECUERDAS con quien realizo giras por el sur del continente con gran acogida. Actualmente desarrolla su carrera como solista cantando en diferentes bares de la ciudad y municipios del departamento y el pais atendiendo compromisos privados como fiestas familiares matrimonios fiestas empresariales y todo aquello donde sean requeridos sus servicios como cantante""",Músicas,"facebok nicolas barrera cataño

twitter @ nicolasbarrerac

instagram  nicolasbarreracatano",12/1/2014,Formulario para el Mapeo de Actores Culturales. Casas de la Cultura de Medellín. Disponible en:http://goo.gl/PF5biy,,"<Point><coordinates>-75.5651298,6.2527574,0.0</coordinates></Point>"
Tatiana Florez,"""He cantado en algunos festivales de la canción 
 en concursos universitarios de la canción 
 toco saxofón alto "" Lo básico""""",Músicas,,12/1/2014,Formulario para el Mapeo de Actores Culturales. Casas de la Cultura de Medellín. Disponible en:http://goo.gl/PF5biy,,"<Point><coordinates>-75.5757643,6.237982,0.0</coordinates></Point>"
Elaxuz Project,"""Somos una agrupación musical con tendencias escenicas que hemos trabajado con la comunidad por mas de 8 años en la musica del genero Rock, durante el trabajo de la agrupacion se ha trabajado en un Demo y posteriomente en un Album llamado un Secreto al Pensar, Ademas se cuenta con un films en full Hd de una de nuestras canciones, Durante las actividades que realizamos es entregarle a la cultura un poco de nuestro aporte escenico con todas las comunidades colombianas con grandes posibilidad de internacionalizacion del arte sonoro en Medellín. Realizamos conciertos, festivales, fiestas privadas, acompañamiento social.""",Músicas,,12/1/2014,Formulario para el Mapeo de Actores Culturales. Casas de la Cultura de Medellín. Disponible en:http://goo.gl/PF5biy,,"<Point><coordinates>-75.5385344,6.28685129,0.0</coordinates></Point>"
Pedro Ramírez,"""Docente universitario, bajista profesional e intérprete de música colombiana, Jazz, Blues, Pop, Rock y música latina. Con amplia experiencia en la enseñanza y la ejecución del bajo eléctrico. Con capacidad para crear música inédita, dirigir grupos, hacer arreglos y ensambles instrumentales, dar clases de solfeo, rítmica, armonía, guitarra e iniciación musical, teniendo como base la formación artística, académica universitaria y experiencia profesional adquiridas a través de giras nacionales e internacionales realizadas con diversos grupos musicales""",Músicas,,12/1/2014,Formulario para el Mapeo de Actores Culturales. Casas de la Cultura de Medellín. Disponible en:http://goo.gl/PF5biy,,"<Point><coordinates>-75.61304419,6.2544062,0.0</coordinates></Point>"
LOS PAISAS DE ORO,"""mi grupo fue fundado en el año 2.000 aqui en medellin hago parte del consejo de musica del municipio de medellin estamos conformados por 7 elementos con los instrumentos guitarra electro acustica, reqinto, bajo electrico,organeta,, bateria ,bongo , guacharaca somos empiricos esperansados en abanzar nuestra esperiencia musical sacarla de lo informal a lo formal ,muchas grasia""",Músicas,FACEBOOK: javierdejesuszapata     TWITTER:  @javierdejesuszapata.,12/1/2014,Formulario para el Mapeo de Actores Culturales. Casas de la Cultura de Medellín. Disponible en:http://goo.gl/PF5biy,,"<Point><coordinates>-75.5533920,6.289559,0.0</coordinates></Point>"
LOS TIGRILLOS DEL SUR,"""EL GRUPO FUE CONSTITUIDO EN EL AÑO 2001 AQUI EN MEDELLIN ESTA CONFORMADO POR 5 ELEMENTOS QUE EJECUTAN LOS SIGUIENTES INSTRUMENTOS GUITARRA ELECTROACUSTICA, REQUINTO ,ORGANETA,GUACHARACA, ,BAJO ELECTRICO SOMOS EMPIRICOS CON DESEOS DE SALIRNOS DE LO INFORMAL A LO NORMAL MUCHAS GRASIAS""",Músicas,EN PROCESO,12/1/2014,Formulario para el Mapeo de Actores Culturales. Casas de la Cultura de Medellín. Disponible en:http://goo.gl/PF5biy,,"<Point><coordinates>-75.61304419,6.2544062,0.0</coordinates></Point>"
Esteban Gira,"""Esteban Gira es un artista en exploración y riesgo constante. En sus viajes por 
 
 diferentes escenarios, países y géneros, ha llegado a una estética propia la cual él 
 
 llama “Animal Eléctrico”. Se trata de poesía salvaje coexistiendo con la fuerza de los 
 
 sintetizadores, en un estilo sonoro indi-electro en formato canción. Esteban Gira 
 
 propone una puesta en escena profunda, no convencional y llena de energía.""",Músicas,,12/1/2014,Formulario para el Mapeo de Actores Culturales. Casas de la Cultura de Medellín. Disponible en:http://goo.gl/PF5biy,,"<Point><coordinates>-75.5998528,6.251632172,0.0</coordinates></Point>"
Dulce Armonía Internacional,"""Grupo musical para la interpretación de música variada tanto religiosa como popular, lírica, colombiana y Tango. Con una experiencia de más de 25 años en el mercado musical y artístico.
 Grupo que está integrado por pianista, guitarrista, violínes y voces tanto femenina como masculina ó femenina solista.
 .
 NOTA IMPORTANTE: YO VIVO EN CIUDADELA SAN DIEGO men el momento, - no pertenezco a la comuna 10- estoy participando en la comuna 14- porque trabajo con la Corp. Red Cultural del Poblado y en próximo mes viviré en Vegas del poblado.""",Músicas,,12/1/2014,Formulario para el Mapeo de Actores Culturales. Casas de la Cultura de Medellín. Disponible en:http://goo.gl/PF5biy,,"<Point><coordinates>-75.5749932,6.2259446,0.0</coordinates></Point>"
Yenny Saldarriaga Jaramillo,"""Música graduada de la universidad EAFIT.
 En este momento desarrolla un trabajo musical llamado ""La Pócima"", género independiente donde toma elementos de varios ritmos generando por medio de la música un ambiente que coloree el texto y la poesía de cada canción, elemento a rescatar en su trabajo.
 Cuenta con un equipo de 7 músicos acompañantes con quienes emprende esta magia musical.
 Además también interpretan covers de otros géneros y artistas como pop, tropical, boleros, colombiana,etc.""",Músicas,https://www.facebook.com/pages/YennyS/421283597961224?ref=ts&fref=ts,Abril de 2015,Formulario para el Mapeo de Actores Culturales. Casas de la Cultura de Medellín. Disponible en: http://goo.gl/forms/RhyqT8w9Vz,https://scontent-mia.xx.fbcdn.net/hphotos-xap1/t31.0-8/10497164_646478028775112_5917013294589354565_o.jpg,"<Point><coordinates>-75.5836095,6.2266117,0.0</coordinates></Point>"
Rogs,"""Crear producir y tocar rock sin pedigree.""",Músicas,http://www.rogs.co/,Abril de 2015,Formulario para el Mapeo de Actores Culturales. Casas de la Cultura de Medellín. Disponible en: http://goo.gl/forms/RhyqT8w9Vz,http://www.rogs.co/images/logo.png,"<Point><coordinates>-75.573059,6.2298494,0.0</coordinates></Point>"
La Pregonera Orquesta,"""La Pregonera Orquesta, Salsa Brava, nace y crece desde los barrios del Nororiente de Medellín. Un grupo de jóvenes del barrio se interesa por hacer montaje musical con sus propias canciones y con canciones representativas del brillo de las Salsa de los 70'S.
 
 La Narvaez, la Dicupé, la Zodiac, la Fania All Stars, Hector Lavoe, Ismael Miranda, Tabaco y sus metales, son algunas de las Orquestas y Artistas que se toman como referencia para nuestros trabajo y montajes. El mejor estilo y sonido a lo New York en su época.""",Músicas,https://www.facebook.com/LaPregoneraOrq?fref=ts,Abril de 2015,Formulario para el Mapeo de Actores Culturales. Casas de la Cultura de Medellín. Disponible en: http://goo.gl/forms/RhyqT8w9Vz,https://scontent-mia.xx.fbcdn.net/hphotos-xpf1/v/t1.0-9/1609931_263880507092215_7946090070826339761_n.jpg?oh=3064d2c512e08629a19aa1644d217249&oe=559A419F,"<Point><coordinates>-75.5543522,6.2969823,0.0</coordinates></Point>"
El Túnel,"""Intérpretes y representantes de la música Blues Rock de Medellín con canciones propias compuestas, arregladas y producidas de manera independiente, con un recorrido de más de 10 años trabajamos bajo un concepto artístico completo que puede llegar a involucrar campos como la ilustración, animación, danza y por supuesto la música.""",Músicas,http://goo.gl/HJmBlM,Julio 2015,Formulario para identificación de artistas visuales Comuna 8 y 9 - Casa de la Cultura Àvila 2015.,http://static.wixstatic.com/media/146b98_0073c461a4df33efb6ec90f15cbd4cc4.png_srb_p_128_48_75_22_0.50_1.20_0.00_png_srb,"<Point><coordinates>-75.5415603,6.2738269,0.0</coordinates></Point>"
Luis Santiago Pacheco Patiño,"Más conocido En el mundo musical Como (Santi Pacheco) es un cantautor de Reggaeton,R&B,Dancehall,Pop,Baladas,Salsa,Bachata,Merengue,HipHop.",Músicas,https://goo.gl/FS7DHT,Julio 2015,Formulario para identificación de artistas visuales Comuna 8 y 9 - Casa de la Cultura Àvila 2015.,https://scontent-mia1-1.xx.fbcdn.net/hphotos-xfa1/v/t1.0-9/10613001_1485863945006560_4480650894596522991_n.jpg?oh=f63e465b01a0e89dec278fc273a2b89e&oe=565BE82B,"<Point><coordinates>-75.537701,6.2336244,0.0</coordinates></Point>"
Carlos Cantor,"""Las Canciones de la Heladeria"" : Musical Stand Up, con dialogos y canciones (karaoke) de los años 60 en adelante en muchos ritmos.  para público adulto: reuniones familiares, sociales, empresariales, eventos y gran escenario. ""Este y Yo"": Este y Yo... duo... Interpretes de musica folclorica colombiana: bambuco, pasillo, bolero, vals, danza, tango, etc. Tradicionales y Originales para publico adulto. Para reuniones familiares,eventos sociales y empresariales, gran escenario.",Músicas,www.carloscantor.co,Junio 2015,Formulario para el Mapeo de Actores Culturales. Casas de la Cultura de Medellín. Disponible en: http://goo.gl/forms/RhyqT8w9Vz,http://nebula.wsimg.com/78b983411a2fd79e7e963c0063ab92dd?AccessKeyId=DE2B8F9E1D9B1740D3BE&disposition=0&alloworigin=1,"<Point><coordinates>-75.6151021,6.1611543,0.0</coordinates></Point>"
Felisa,"Felisa es mi nombre artístico. Nació primero en la escritura inspirada en el nombre de una de mis bisabuelas y luego cuando empecé a componer canciones, decidí adoptarlo también para el ámbito musical. Soy cantante y compositora y si bien llevo presentándome en diferentes escenarios de la ciudad desde hace 5 años con diferentes agrupaciones, solo hasta el año pasado decidí lanzar mi proyecto musical como solista.

Los ritmos de Colombia y Latinoamérica  son la base sonora de mi música. En mis canciones exploro, renuevo, y experimento con los sonidos de nuestro continente, generando un estilo propio que me gusta llamar Indie-Pop latinoamericano. Mis letras cuentan historias, son canciones que reflejan el sentir de una generación que quiere salirse de los lugares comunes, hablar de la vida, las experiencias y las preocupaciones que experimentamos como seres humanos. Mi propuesta sonora va más allá de los formatos completamente acústicos –típicos de los géneros que me inspiran–, y les introduzco instrumentos y elementos electrónicos. 

La simpleza y el buen uso de los arreglos es una de las características de las canciones de mi proyecto. Busco un sonido nítido y con poca instrumentación, que consta principalmente de guitarra eléctrica con efectos, contrabajo, batería, beats y voces procesadas por un diseñador de voz (VoiceLive). ",Músicas,www.facebook.com/felisamusica,Junio 2015,Formulario para el Mapeo de Actores Culturales. Casas de la Cultura de Medellín. Disponible en: http://goo.gl/forms/RhyqT8w9Vz,http://www.vivirenelpoblado.com/blogs/radarsonoro/wp-content/uploads/sites/6/2014/12/felisa1.jpg,"<Point><coordinates>-75.5620844,6.2096348,0.0</coordinates></Point>"
BYRON SANCHEZ CUARTETO,"Byron Sánchez Cuarteto nace de la idea de crear una sonoridad con proyección internacional, creando su propia música, buscando así un sonido propio con la iniciativa, creación, composición y dirección de Byron Sánchez. La música colombiana es la base principal de este proyecto, sin estar explicitan en sus composiciones y de esta manera poder lograr un sonido único y propio, esto es posible ya que va de la mano de tres excelentes músicos colombianos que aportan a esta sonoridad.
 Este cuarteto cuenta ya con dos álbumes, Expresión del año 2011 y Entre Líneas del año 2014, con la característica de haber sido grabado en “live” sesión (sesión en vivo) desde el estudio sin ninguna edición posterior. Actualmente Byron Sánchez Cuarteto se encuentra preparando su nuevo álbum para este año 2015 donde busca cada vez perfeccionar su sonido y así su proyección artística de manera internacional.
ajo y Federico Ochoa en el saxofón con todo su conocimiento de música colombiana. De este manera se inicia un camino en la composición, dandole así un sonido propio en lo que seran sus proximas producciónes.",Músicas,https://goo.gl/ta7bSz,Junio 2015,Formulario para el Mapeo de Actores Culturales. Casas de la Cultura de Medellín. Disponible en: http://goo.gl/forms/RhyqT8w9Vz,https://fbcdn-sphotos-d-a.akamaihd.net/hphotos-ak-xfp1/v/t1.0-9/p480x480/10419985_860835167326720_1974709427527120318_n.jpg?oh=a54c4e936d5c3dcfb126d6695481a80e&oe=5610F737&__gda__=1448236807_a3b9c3a4403eec00e98ad82359731455,"<Point><coordinates>-75.5650281,6.2069621,0.0</coordinates></Point>"
Montecarlo,"Montecarlo es un grupo musical de Medellín. Nuestro objetivo es llevar al público lo mejor del canto lírico internacional desde famosas arias de opera, canzonetas italianas y
zarzuela, pasando por tangos, boleros, rancheras, música Colombiana algunos clásicos de los años 60, flamenco y jazz. Hacemos conciertos de alto impacto, para toda la familia. Buscamos sacar la música clásica del teatro para muchas personas que nunca han
tenido la oportunidad de asistir a grandes escenarios y teatros. No importa la clase social, la música clásica llega hasta el fondo del alma de todas persona generando así espacios de sano esparcimiento y cultura a nivel nacional e internacional. 
Áreas artísticas del proyecto: Música",Músicas,www.montecarloproducciones.com,Junio 2015,Formulario para el Mapeo de Actores Culturales. Casas de la Cultura de Medellín. Disponible en: http://goo.gl/forms/RhyqT8w9Vz,http://www.montecarloproducciones.com/wp-content/themes/montecarlo/images/montecarlo-producciones-logo.png,"<Point><coordinates>-75.5692914,6.1947363,0.0</coordinates></Point>"
